	pairID	ancestor	descendant	pfam	best_logP	Mix_0	Mix_1	Mix_2	Mix_3
0	FW_PT0_PID004229	C75A2_SOLME/37-498	C76A2_SOLME/36-500	PF00067	-95.22623	0	0	0	1
1	FW_PT0_PID004230	CP2C7_RAT/30-487	CP2CC_RAT/30-487	PF00067	-9.0647545	0	0	1	0
2	FW_PT0_PID004231	CP270_RAT/30-486	CP2C3_RABIT/30-486	PF00067	-8.758667	0	0	1	0
3	FW_PT0_PID004232	CP2CN_RAT/34-491	CP2C1_RABIT/30-487	PF00067	-40.615013	0	0	0	1
4	FW_PT0_PID004233	CP2H1_CHICK/33-488	CP2E1_HUMAN/33-489	PF00067	-28.060104	0	0	1	0
