{
	"epoch_of_training": 99,
	"lam": 0.14299516379833221,
	"mu": 0.13383795320987701,
	"subst_mix_probs": [
		0.06325658410787582,
		0.9367433786392212
	],
	"x": 0.30931735038757324,
	"y": 0.22497916221618652
}