{
	"alphabet_size": 20,
	"diffrax_params": {
		"atol": 1e-06,
		"rtol": 0.001,
		"step": null
	},
	"equl_model_type": "equl_base",
	"exch_files": [
		"LG-2mat_buried.npy",
		"LG-2mat_exposed.npy"
	],
	"indel_model_type": "GGI_single",
	"lam": 0.14299516379833221,
	"lam_transf": 0.3781470060348511,
	"mu": 0.13383795320987701,
	"mu_transf": 0.3658387064933777,
	"norm": true,
	"subsOnly": false,
	"subst_mix_logits": [
		0.1523953229188919,
		2.8476054668426514
	],
	"subst_mix_probs": [
		0.06325658410787582,
		0.9367433786392212
	],
	"subst_model_type": "subst_mixture",
	"t_grid_center": 0.1,
	"t_grid_num_steps": 20,
	"t_grid_step": 1.1,
	"tie_params": false,
	"x": 0.30931735038757324,
	"x_transf": 1.0832301378250122,
	"y": 0.22497916221618652,
	"y_transf": 1.2213711738586426
}