{
	"alphabet_size": 20,
	"diffrax_params": {
		"atol": 1e-06,
		"rtol": 0.001,
		"step": null
	},
	"equl_model_type": "equl_base",
	"exch_files": [
		"LG-2mat_buried.npy",
		"LG-2mat_exposed.npy"
	],
	"indel_mix_logits": [
		1.45805025100708,
		0.5419498682022095
	],
	"indel_mix_probs": [
		0.7142468690872192,
		0.28575313091278076
	],
	"indel_model_type": "GGI_mixture",
	"lam": [
		0.050753671675920486,
		0.37740734219551086
	],
	"lam_transf": [
		0.22528575360774994,
		0.6143348813056946
	],
	"mu": [
		0.06910070776939392,
		0.31002870202064514
	],
	"mu_transf": [
		0.2628701329231262,
		0.5568022131919861
	],
	"norm": true,
	"subsOnly": false,
	"subst_mix_logits": [
		0.16208362579345703,
		1.8379172086715698
	],
	"subst_mix_probs": [
		0.157647967338562,
		0.842352032661438
	],
	"subst_model_type": "subst_mixture",
	"t_grid_center": 0.1,
	"t_grid_num_steps": 20,
	"t_grid_step": 1.1,
	"tie_params": false,
	"x": [
		0.2987458407878876,
		0.292117178440094
	],
	"x_transf": [
		1.0991642475128174,
		1.1093242168426514
	],
	"y": [
		0.08365143090486526,
		0.27711039781570435
	],
	"y_transf": [
		1.5751497745513916,
		1.1328456401824951
	]
}