{
	"alphabet_size": 20,
	"diffrax_params": {
		"atol": 1e-06,
		"rtol": 0.001,
		"step": null
	},
	"equl_model_type": "equl_base",
	"exch_files": "LG08_exchangeability_r.npy",
	"indel_model_type": "GGI_single",
	"lam": 0.5630660057067871,
	"lam_transf": 0.7503772377967834,
	"mu": 0.5142889618873596,
	"mu_transf": 0.7171394228935242,
	"norm": true,
	"subsOnly": false,
	"subst_model_type": "subst_base",
	"t_grid_center": 0.03,
	"t_grid_num_steps": 60,
	"t_grid_step": 1.1,
	"tie_params": false,
	"x": 0.3068157732486725,
	"x_transf": 1.0869718790054321,
	"y": 0.2218196541070938,
	"y_transf": 1.2271473407745361
}