{
	"epoch_of_training": 77,
	"lam": 0.14555823802947998,
	"mu": 0.13563939929008484,
	"x": 0.3111709654331207,
	"y": 0.2229986935853958
}