{
	"alphabet_size": 20,
	"diffrax_params": {
		"atol": 1e-06,
		"rtol": 0.001,
		"step": null
	},
	"equl_model_type": "equl_base",
	"exch_files": "LG08_exchangeability_r.npy",
	"indel_model_type": "GGI_single",
	"lam": 0.14555823802947998,
	"lam_transf": 0.38152095675468445,
	"mu": 0.13563939929008484,
	"mu_transf": 0.36829254031181335,
	"norm": true,
	"subsOnly": false,
	"subst_model_type": "subst_base",
	"t_grid_center": 0.1,
	"t_grid_num_steps": 20,
	"t_grid_step": 1.1,
	"tie_params": false,
	"x": 0.3111709654331207,
	"x_transf": 1.080468773841858,
	"y": 0.2229986935853958,
	"y_transf": 1.2249854803085327
}