{
	"epoch_of_training": 99,
	"indel_mix_probs": [
		0.7142496705055237,
		0.2857503592967987
	],
	"lam": [
		0.050754282623529434,
		0.3774145841598511
	],
	"mu": [
		0.06910406053066254,
		0.3100283741950989
	],
	"subst_mix_probs": [
		0.1576480120420456,
		0.842352032661438
	],
	"x": [
		0.29874348640441895,
		0.2921184301376343
	],
	"y": [
		0.08365019410848618,
		0.2771138548851013
	]
}