	original_idx	pairID	ancestor	descendant	TREEDIST_anc-to-root	TREEDIST_desc-to-root	TREEDIST_stem-to-Root	TREEDIST_anc-to-desc	perc_seq_id	pfam	pfam_Nseqs	type	clan	alignment_length	KProt_Cluster_IDs	split_assignment	anc_seq_len	desc_seq_len	alignment_len
3	4229	FW_PT0_PID004229	C75A2_SOLME/37-498	C76A2_SOLME/36-500	1.9514	2.05381	1.10281	1.7995899999999998	0.3203463203463203	PF00067	50	Domain		471	0	OOD_VALID	462	465	471
4	4230	FW_PT0_PID004230	CP2C7_RAT/30-487	CP2CC_RAT/30-487	2.13537	2.27005	1.99548	0.4144599999999999	0.6965065502183406	PF00067	50	Domain		458	6	OOD_VALID	458	458	458
5	4231	FW_PT0_PID004231	CP270_RAT/30-486	CP2C3_RABIT/30-486	2.23846	2.12383	1.9647	0.43289	0.6849015317286652	PF00067	50	Domain		457	6	OOD_VALID	457	457	457
6	4232	FW_PT0_PID004232	CP2CN_RAT/34-491	CP2C1_RABIT/30-487	2.07252	2.08901	1.75633	0.6488700000000001	0.6026200873362445	PF00067	50	Domain		460	6	OOD_VALID	458	458	460
7	4233	FW_PT0_PID004233	CP2H1_CHICK/33-488	CP2E1_HUMAN/33-489	2.09706	2.12666	1.65417	0.91538	0.5241228070175439	PF00067	50	Domain		458	6	OOD_VALID	456	457	458
