{
	"epoch_of_training": 99,
	"indel_mix_probs": [
		0.7142468690872192,
		0.28575313091278076
	],
	"lam": [
		0.050753671675920486,
		0.37740734219551086
	],
	"mu": [
		0.06910070776939392,
		0.31002870202064514
	],
	"subst_mix_probs": [
		0.157647967338562,
		0.842352032661438
	],
	"x": [
		0.2987458407878876,
		0.292117178440094
	],
	"y": [
		0.08365143090486526,
		0.27711039781570435
	]
}