{
	"alphabet_size": 20,
	"diffrax_params": {
		"atol": 1e-06,
		"rtol": 0.001,
		"step": null
	},
	"equl_model_type": "equl_base",
	"exch_files": [
		"LG-2mat_buried.npy",
		"LG-2mat_exposed.npy"
	],
	"indel_mix_logits": [
		1.4580572843551636,
		0.5419432520866394
	],
	"indel_mix_probs": [
		0.7142496705055237,
		0.2857503592967987
	],
	"indel_model_type": "GGI_mixture",
	"lam": [
		0.050754282623529434,
		0.3774145841598511
	],
	"lam_transf": [
		0.22528710961341858,
		0.6143407821655273
	],
	"mu": [
		0.06910406053066254,
		0.3100283741950989
	],
	"mu_transf": [
		0.2628765106201172,
		0.5568019151687622
	],
	"norm": true,
	"subsOnly": false,
	"subst_mix_logits": [
		0.16208380460739136,
		1.8379169702529907
	],
	"subst_mix_probs": [
		0.1576480120420456,
		0.842352032661438
	],
	"subst_model_type": "subst_mixture",
	"t_grid_center": 0.1,
	"t_grid_num_steps": 20,
	"t_grid_step": 1.1,
	"tie_params": false,
	"x": [
		0.29874348640441895,
		0.2921184301376343
	],
	"x_transf": [
		1.099167823791504,
		1.1093223094940186
	],
	"y": [
		0.08365019410848618,
		0.2771138548851013
	],
	"y_transf": [
		1.575154423713684,
		1.1328401565551758
	]
}