	pairID	ancestor	descendant	pfam	logP(A_t|A_0,model)
0	FW_PT0_PID004229	C75A2_SOLME/37-498	C76A2_SOLME/36-500	PF00067	-3.8138363
1	FW_PT0_PID004230	CP2C7_RAT/30-487	CP2CC_RAT/30-487	PF00067	-7.9491577
2	FW_PT0_PID004231	CP270_RAT/30-486	CP2C3_RABIT/30-486	PF00067	-7.6391516
3	FW_PT0_PID004232	CP2CN_RAT/34-491	CP2C1_RABIT/30-487	PF00067	-6.8387127
4	FW_PT0_PID004233	CP2H1_CHICK/33-488	CP2E1_HUMAN/33-489	PF00067	-6.011234
