{
	"epoch_of_training": 77,
	"lam": 0.14555807411670685,
	"mu": 0.13563935458660126,
	"x": 0.3111707270145416,
	"y": 0.2229994684457779
}