{
	"epoch_of_training": 69,
	"lam": 0.5630660057067871,
	"mu": 0.5142889618873596,
	"x": 0.3068157732486725,
	"y": 0.2218196541070938
}